dBFS_25th,dBFS_50th,dBFS_75th,dBFS_max,dBFS_mean,dBFS_min,dBFS_std,data_points,room,seconds_elapsed_25th,seconds_elapsed_50th,seconds_elapsed_75th,seconds_elapsed_max,seconds_elapsed_mean,seconds_elapsed_min,seconds_elapsed_std,sensor_type,time_25th,time_50th,time_75th,time_max,time_mean,time_min,time_std,x_25th,x_50th,x_75th,x_max,x_mean,x_min,x_std,y_25th,y_50th,y_75th,y_max,y_mean,y_min,y_std,z_25th,z_50th,z_75th,z_max,z_mean,z_min,z_std,pressure_25th,pressure_50th,pressure_75th,pressure_max,pressure_mean,pressure_min,pressure_std,relativeAltitude_25th,relativeAltitude_50th,relativeAltitude_75th,relativeAltitude_max,relativeAltitude_mean,relativeAltitude_min,relativeAltitude_std
,,,,,,,1028,2-01,2.913630615234375,5.491846435546875,8.070158386230469,10.64850244140625,5.4919293486005145,0.33562890625,2.9814607641274167,magnetometeruncalibrated,1.7510133824276306e+18,1.7510133850058465e+18,1.7510133875841582e+18,1.7510133901625024e+18,1.751013385005929e+18,1.751013379849629e+18,2981460764.077492,-20.054805755615234,-19.92139434814453,-19.77593612670898,-19.15487670898437,-19.91122953066102,-20.61000061035156,0.2346239288137162,-198.75790405273435,-198.5334625244141,-198.25612258911133,-196.4810791015625,-198.47064366322084,-199.58094787597656,0.4462725181293863,-388.59278869628906,-388.33013916015625,-388.1191101074219,-386.8395385742188,-388.3235166378986,-389.44769287109375,0.3716801980059192,,,,,,,,,,,,,,
-35.12117958068848,-34.211992263793945,-32.567214012146,-14.506750106811523,-32.933570543924965,-37.21298599243164,3.9348391890041614,102,2-01,2.631,5.24,7.814,10.340000244140626,5.224558828316483,0.065,3.0168258239350108,microphone,1.751013382145e+18,1.751013384754e+18,1.751013387328e+18,1.751013389854e+18,1.7510133847385587e+18,1.751013379579e+18,3016825800.6873965,,,,,,,,,,,,,,,,,,,,,,,,,,,,,,,,,,,
,,,,,,,1039,2-01,2.91133837890625,5.491541748046875,8.071748168945312,10.65196044921875,5.491544877934387,0.331143798828125,2.983669192672316,accelerometeruncalibrated,1.7510133824253384e+18,1.7510133850055416e+18,1.7510133875857482e+18,1.7510133901659604e+18,1.751013385005545e+18,1.7510133798451438e+18,2983669192.854204,0.0357437133789062,0.0399627685546875,0.0448226928710937,0.0698089599609375,0.0398581893083794,0.00958251953125,0.0075566165228204,-0.2275009155273437,-0.2223358154296875,-0.2177276611328125,-0.18731689453125,-0.2224367525396264,-0.2546234130859375,0.009100077090239,-0.9921340942382812,-0.987548828125,-0.9831390380859376,-0.8742523193359375,-0.9874633113504948,-1.0261993408203125,0.0086915232150167,,,,,,,,,,,,,,
,,,,,,,1038,2-01,2.913824401855469,5.491541137695313,8.069263061523438,10.646989501953126,5.491544949628945,0.33611474609375,2.980798953522536,gyroscopeuncalibrated,1.7510133824278244e+18,1.751013385005541e+18,1.751013387583263e+18,1.7510133901609894e+18,1.7510133850055447e+18,1.7510133798501148e+18,2980798953.5817766,-0.0280470140278338,-0.0050315100234001,0.0175306573510169,0.2855009734630584,-0.0030128102818938,-0.255828857421875,0.0421842155932685,0.0015255252365022,0.0125257787294685,0.0229274202138185,0.2849739491939544,0.0139463677562743,-0.1006491109728813,0.029370420911635,-0.0023922510445117,0.0045552037190645,0.0135541586205362,0.0836387053132057,0.0068240698205665,-0.0441155284643173,0.0169168651019215,,,,,,,,,,,,,,
,,,,,,,1049,2-02,2.757452392578125,5.388477294921875,8.019326171875,10.65029443359375,5.388389388238053,0.1264072265625,3.042312852508139,magnetometeruncalibrated,1.7510133980354524e+18,1.7510134006664773e+18,1.751013403297326e+18,1.7510134059282944e+18,1.7510134006663895e+18,1.7510133954044073e+18,3042312851.401129,-18.996871948242188,-18.71055603027344,-18.305984497070312,-17.50921630859375,-18.65047153003791,-19.77099609375,0.4521581916171248,-200.45553588867188,-200.095947265625,-199.6378326416016,-198.86045837402344,-200.0588015837256,-201.6790313720703,0.5149734638633301,-383.98541259765625,-383.616455078125,-383.3167114257813,-381.9810791015625,-383.6596230215067,-384.90081787109375,0.4754708169323137,,,,,,,,,,,,,,
-37.09047889709473,-35.413753509521484,-31.67421531677246,-17.980018615722656,-33.98144777538707,-40.89682769775391,4.46969833884144,103,2-02,2.631,5.198,7.798,10.45,5.2213495169334045,0.029,3.0425482899044223,microphone,1.7510133979090002e+18,1.751013400476e+18,1.7510134030760005e+18,1.751013405728e+18,1.7510134004993495e+18,1.751013395307e+18,3042548267.0737305,,,,,,,,,,,,,,,,,,,,,,,,,,,,,,,,,,,
,,,,,,,1060,2-02,2.7503577880859376,5.382791625976562,8.015228698730468,10.64767041015625,5.382794364497347,0.11792822265625,3.043979799154264,accelerometeruncalibrated,1.7510133980283576e+18,1.7510134006607916e+18,1.7510134032932288e+18,1.7510134059256704e+18,1.751013400660794e+18,1.7510133953959283e+18,3043979799.152618,0.0263824462890625,0.034942626953125,0.0530433654785156,0.0861053466796875,0.0383384272737323,-0.0389862060546875,0.0159858762567886,-0.2418174743652343,-0.2291183471679687,-0.2082366943359375,-0.18585205078125,-0.2262474204009434,-0.3108367919921875,0.0198932805425015,-0.9938812255859376,-0.9870681762695312,-0.9804840087890624,-0.89825439453125,-0.986795403822413,-1.0568084716796875,0.0161089172368495,,,,,,,,,,,,,,
,,,,,,,1060,2-02,2.7553287353515623,5.387763549804688,8.020199829101562,10.652641357421874,5.387765913132001,0.122900390625,3.043979805294274,gyroscopeuncalibrated,1.7510133980333286e+18,1.7510134006657636e+18,1.7510134032981998e+18,1.7510134059306414e+18,1.751013400665766e+18,1.7510133954009004e+18,3043979804.327859,-0.0366498893126844,-0.0086325034499168,0.0227617053315042,0.4660960733890533,-0.0090441691728318,-0.7301982641220093,0.0939554548034274,-0.0052675992483272,0.0147950579412281,0.0292373811826109,0.4886453151702881,0.0164099084132804,-0.2811786830425262,0.0642251677096048,-0.0070244868984445,0.0061356567312031,0.0179819306358694,0.1789668202400207,0.0041371347676397,-0.301448255777359,0.0417207597743525,,,,,,,,,,,,,,
,,,,,,,1056,2-03,2.768540771484375,5.416930297851563,8.065281677246094,10.71359912109375,5.416902522693981,0.12002783203125,3.062446539887268,magnetometeruncalibrated,1.7510134162885407e+18,1.7510134189369303e+18,1.7510134215852815e+18,1.7510134242335992e+18,1.7510134189369024e+18,1.751013413640028e+18,3062446538.003127,-20.076496124267575,-19.611572265625,-19.113677978515625,-18.175018310546875,-19.737647099928424,-22.549835205078125,0.8247032732095515,-196.46951293945307,-195.8766326904297,-195.42274856567383,-193.9906463623047,-196.0198113268072,-198.8448181152344,0.8382289868136882,-389.41883850097656,-389.0775146484376,-388.7347946166992,-387.18560791015625,-389.0684897393891,-390.5606689453125,0.5148734307908472,,,,,,,,,,,,,,
-37.43573570251465,-34.617780685424805,-31.46122121810913,-21.464296340942383,-34.40925843899067,-41.76607894897461,4.119760643066715,104,2-03,2.682,5.357,7.948,10.524,5.316269237811748,0.030000244140625,3.07661722198842,microphone,1.751013416202e+18,1.7510134188770002e+18,1.751013421468e+18,1.751013424044e+18,1.7510134188362693e+18,1.75101341355e+18,3076617238.566756,,,,,,,,,,,,,,,,,,,,,,,,,,,,,,,,,,,
,,,,,,,10,2-03,1.79409423828125,4.0453947753906245,5.847197143554688,8.098492431640626,3.865595825195312,-0.45720068359375,2.8340386563025968,barometer,1.7510134153140943e+18,1.7510134175653947e+18,1.7510134193671972e+18,1.7510134216184924e+18,1.7510134173855956e+18,1.7510134130627994e+18,2834038631.3391066,,,,,,,,,,,,,,,,,,,,,,1019.861545562744,1019.8625183105468,1019.8680305480956,1019.8734283447266,1019.8646774291992,1019.8584747314452,0.0049331573005254,0.047560691833496,0.095123291015625,0.0990858078002929,0.1268310546875,0.0755699157714843,0.0,0.0414658612754305
,,,,,,,1067,2-03,2.766349487304687,5.41620947265625,8.066063842773438,10.71592822265625,5.416208672964138,0.116500732421875,3.0640970056983843,accelerometeruncalibrated,1.7510134162863496e+18,1.7510134189362094e+18,1.751013421586064e+18,1.7510134242359283e+18,1.751013418936209e+18,1.7510134136365007e+18,3064097006.257848,0.0222320556640625,0.0404510498046875,0.0601577758789062,0.099395751953125,0.0403774586814301,-0.03759765625,0.0255350217518547,-0.209564208984375,-0.1872711181640625,-0.1753311157226562,-0.14117431640625,-0.1923319451029097,-0.277099609375,0.0248205977536029,-1.0031585693359375,-0.9945831298828124,-0.9861907958984376,-0.8609771728515625,-0.9941547683386904,-1.053192138671875,0.0180858372592906,,,,,,,,,,,,,,
,,,,,,,1067,2-03,2.766349487304687,5.41620947265625,8.066063842773438,10.71592822265625,5.416208672964138,0.116500732421875,3.0640970056983843,gyroscopeuncalibrated,1.7510134162863496e+18,1.7510134189362094e+18,1.751013421586064e+18,1.7510134242359283e+18,1.751013418936209e+18,1.7510134136365007e+18,3064097006.257848,-0.0639803148806094,-0.0143773416057229,0.0358393564820289,0.4835514724254608,-0.0079729222156187,-0.4853741526603699,0.105094968180514,-0.020550682209432,0.0181808676570653,0.0559526141732931,0.3606876134872436,0.0189672712660114,-0.4457021057605743,0.0889553950871274,-0.0250725960358977,0.0073567163199186,0.0451287291944026,0.2867295145988464,0.0162315671551158,-0.1960102468729019,0.0769362200323906,,,,,,,,,,,,,,
,,,,,,,1053,2-04,2.75887060546875,5.3998798828125,8.040822265625,10.681804443359376,5.399835851250891,0.117886474609375,3.0538784572923747,magnetometeruncalibrated,1.7510134349778706e+18,1.75101343761888e+18,1.7510134402598223e+18,1.7510134429008044e+18,1.7510134376188357e+18,1.7510134323368863e+18,3053878456.339038,-18.1151123046875,-17.910415649414062,-17.662918090820312,-16.992523193359375,-17.933847715372373,-19.51776123046875,0.3843514774131089,-194.9931030273437,-194.8112335205078,-194.59312438964844,-193.5974578857422,-194.8095820210485,-195.8005523681641,0.3069046941210721,-390.9990539550781,-390.6770324707031,-390.34857177734375,-389.474609375,-390.6837667409058,-391.9901123046875,0.4525796397799897,,,,,,,,,,,,,,
-38.12479782104492,-37.06752014160156,-36.254520416259766,-30.22522735595703,-37.0080504099528,-40.21268081665039,1.6969152079073515,105,2-04,2.710999755859375,5.344,7.942999755859375,10.577,5.330323809523809,0.029,3.074644233537494,microphone,1.75101343493e+18,1.751013437563e+18,1.751013440162e+18,1.751013442796e+18,1.751013437549324e+18,1.751013432248e+18,3074644249.8853474,,,,,,,,,,,,,,,,,,,,,,,,,,,,,,,,,,,
,,,,,,,10,2-04,1.7857763061523435,4.037072021484375,5.838739562988281,8.0900400390625,3.857224487304688,-0.465489990234375,2.833975738574393,barometer,1.7510134340047764e+18,1.751013436256072e+18,1.7510134380577395e+18,1.75101344030904e+18,1.7510134360762245e+18,1.75101343175351e+18,2833975752.8994203,,,,,,,,,,,,,,,,,,,,,,1019.8570251464844,1019.8583984375,1019.8593521118164,1019.8599243164062,1019.8582916259766,1019.8567962646484,0.0012938517410504,0.001321792602539,0.0105705261230468,0.0211410522460937,0.0264244079589843,0.0116275787353515,0.0,0.0105109976526755
,,,,,,,1064,2-04,2.7579947509765623,5.400406616210938,8.042822265624999,10.685236328125,5.400408503023305,0.11558544921875,3.0555013777967,accelerometeruncalibrated,1.7510134349769948e+18,1.7510134376194066e+18,1.7510134402618222e+18,1.7510134429042363e+18,1.7510134376194084e+18,1.751013432334585e+18,3055501378.138877,0.0413475036621093,0.0474319458007812,0.0511398315429687,0.0935516357421875,0.0455628588683623,-0.00335693359375,0.0090279239662708,-0.1907196044921875,-0.1864547729492187,-0.1755943298339843,-0.1511993408203125,-0.1832305650065716,-0.20294189453125,0.0103700348931521,-0.9996070861816406,-0.9955825805664062,-0.992034912109375,-0.91412353515625,-0.9959684673108552,-1.034942626953125,0.0083202079222776,,,,,,,,,,,,,,
,,,,,,,1064,2-04,2.7579947509765623,5.400406616210938,8.042822265624999,10.685236328125,5.400408503023305,0.11558544921875,3.0555013777967,gyroscopeuncalibrated,1.7510134349769948e+18,1.7510134376194066e+18,1.7510134402618222e+18,1.7510134429042363e+18,1.7510134376194084e+18,1.751013432334585e+18,3055501378.138877,-0.0265459241345524,-0.0095046889036893,0.0089522160124033,0.1821098774671554,-0.007770856489289,-0.1744181364774704,0.0368310748520161,-0.0002526674106774,0.0148336738348006,0.0307431984692811,0.282425582408905,0.018508722245773,-0.1227900981903076,0.0376436504913994,-0.0075497288489713,0.0072878734208643,0.020319718401879,0.1704268604516983,0.0076099752445189,-0.1307795792818069,0.0249023725243281,,,,,,,,,,,,,,
,,,,,,,1048,2-05,2.755589172363281,5.383803588867187,8.01199755859375,10.640162109375,5.383776978936814,0.127263916015625,3.0391419996700124,magnetometeruncalibrated,1.7510134528895892e+18,1.7510134555178035e+18,1.7510134581459976e+18,1.7510134607741622e+18,1.751013455517777e+18,1.751013450261264e+18,3039141998.267494,-18.36484909057617,-17.972923278808594,-17.669063568115234,-15.889801025390623,-17.94306025614265,-19.423065185546875,0.6328116281522144,-197.933723449707,-197.7017364501953,-197.38603591918945,-194.85479736328125,-197.5225291943732,-198.9138336181641,0.726388957163891,-389.1962585449219,-388.9189453125,-388.7210235595703,-387.6902465820313,-388.95142649876254,-390.5190734863281,0.3774521304166088,,,,,,,,,,,,,,
-38.17832660675049,-36.47613906860352,-35.36630344390869,-22.733020782470703,-36.192332176061775,-40.02252578735352,2.62338045735894,104,2-05,2.66475,5.29,7.898,10.474,5.283403841458835,0.03,3.0571277421164096,microphone,1.75101345279875e+18,1.751013455424e+18,1.751013458032e+18,1.751013460608e+18,1.751013455417404e+18,1.751013450164e+18,3057127767.440586,,,,,,,,,,,,,,,,,,,,,,,,,,,,,,,,,,,
,,,,,,,1059,2-05,2.748186889648437,5.37818505859375,8.008185913085937,10.63819091796875,5.378187717628659,0.11818994140625,3.041166882967238,accelerometeruncalibrated,1.7510134528821868e+18,1.751013455512185e+18,1.751013458142186e+18,1.751013460772191e+18,1.751013455512188e+18,1.75101345025219e+18,3041166882.80018,0.0312118530273437,0.0446929931640625,0.053009033203125,0.09942626953125,0.0415753444711254,-0.0494842529296875,0.0214417419689204,-0.2258148193359375,-0.2181396484375,-0.2094497680664062,-0.1398773193359375,-0.214764070015566,-0.2476348876953125,0.017405023468789,-0.9934768676757812,-0.9886474609375,-0.9844741821289062,-0.8949432373046875,-0.9894317540501062,-1.044342041015625,0.0107347705071886,,,,,,,,,,,,,,
,,,,,,,1059,2-05,2.748186889648437,5.37818505859375,8.008185913085937,10.63819091796875,5.378187717628659,0.11818994140625,3.041166882967238,gyroscopeuncalibrated,1.7510134528821868e+18,1.751013455512185e+18,1.751013458142186e+18,1.751013460772191e+18,1.751013455512188e+18,1.75101345025219e+18,3041166882.80018,-0.0338409207761287,-0.0121123231947422,0.0115871476009487,0.4543957412242889,-0.0097394485636962,-0.5758907198905945,0.0688655392909906,-0.0021973741240798,0.0182029716670513,0.036927256733179,0.4436533451080322,0.0221079014386329,-0.256874144077301,0.067689030034515,-0.007435945328325,0.0069657638669013,0.0222966503351926,0.2207859009504318,0.0122463734272594,-0.1238196790218353,0.0430763810576241,,,,,,,,,,,,,,
,,,,,,,1057,2-06,2.775917724609375,5.4267568359375,8.077578857421875,10.728238525390625,5.426745422074562,0.125206298828125,3.065228395879926,magnetometeruncalibrated,1.7510134706039178e+18,1.7510134732547569e+18,1.7510134759055788e+18,1.7510134785562386e+18,1.751013473254745e+18,1.7510134679532063e+18,3065228394.559934,-18.851715087890625,-18.302474975585938,-17.740127563476562,-16.885879516601562,-18.327213327052352,-20.08465576171875,0.6660523967752435,-196.60287475585932,-196.30599975585932,-196.01426696777344,-195.1812744140625,-196.3119596338768,-197.45909118652344,0.4101131037020236,-390.50189208984375,-390.18756103515625,-389.9334716796875,-389.052978515625,-390.2091743519764,-391.5347900390625,0.4201010165714264,,,,,,,,,,,,,,
-30.935810089111328,-29.798877716064453,-28.07503890991211,-18.310943603515625,-29.23133652096703,-32.94580078125,2.5070808928184403,105,2-06,2.693999755859375,5.312,7.911,10.543,5.304704759579613,0.029999755859375,3.069877830917649,microphone,1.751013470522e+18,1.75101347314e+18,1.751013475739e+18,1.751013478371e+18,1.7510134731327048e+18,1.751013467858e+18,3069877851.523464,,,,,,,,,,,,,,,,,,,,,,,,,,,,,,,,,,,
,,,,,,,10,2-06,1.7971156616210937,4.048414794921875,5.850078430175781,8.10137939453125,3.868561572265625,-0.454181884765625,2.833980906929222,barometer,1.7510134696251156e+18,1.7510134718764147e+18,1.7510134736780785e+18,1.7510134759293793e+18,1.7510134716965617e+18,1.751013467373818e+18,2833980870.0147715,,,,,,,,,,,,,,,,,,,,,,1019.8350524902344,1019.835319519043,1019.83549118042,1019.8356628417968,1019.8352890014648,1019.8348236083984,0.000290963587092,0.0,0.0,0.0052833557128906,0.0052833557128906,0.0021133422851562,0.0,0.0027283131584153
,,,,,,,1067,2-06,2.768118530273437,5.418007080078125,8.067899414062499,10.71778564453125,5.418007725552074,0.1182294921875,3.064133642491832,accelerometeruncalibrated,1.7510134705961185e+18,1.751013473246007e+18,1.7510134758958994e+18,1.7510134785457856e+18,1.7510134732460076e+18,1.7510134679462295e+18,3064133643.069752,0.0212936401367187,0.0284423828125,0.0354232788085937,0.0976715087890625,0.0272038610828403,-0.026458740234375,0.0144724091993779,-0.1999740600585937,-0.1909942626953125,-0.1823806762695312,-0.144195556640625,-0.1906108623815677,-0.2408599853515625,0.0127620883911782,-1.0003204345703125,-0.995391845703125,-0.9904861450195312,-0.9476470947265624,-0.9951609188748388,-1.0301513671875,0.0085152772538169,,,,,,,,,,,,,,
,,,,,,,1067,2-06,2.7730904541015624,5.42297900390625,8.072871215820312,10.722756591796877,5.422979371833264,0.123201416015625,3.064133635247117,gyroscopeuncalibrated,1.7510134706010903e+18,1.751013473250979e+18,1.7510134759008712e+18,1.7510134785507566e+18,1.7510134732509793e+18,1.7510134679512015e+18,3064133634.6400385,-0.0385712273418903,-0.0108875352889299,0.0195807581767439,0.2720123529434204,-0.007876577905743,-0.3587653338909149,0.0639005975160784,0.0011970908963121,0.0167358368635177,0.0335116200149058,0.2548607885837555,0.0149826184427523,-0.2920252084732055,0.0484704551641642,-0.0074814851395785,0.0047513456083834,0.0196705069392919,0.1265278458595276,0.0066973124567357,-0.1724340915679931,0.0275172245610146,,,,,,,,,,,,,,
,,,,,,,1056,2-07,2.7685603027343757,5.417017333984376,8.065405090332032,10.713884765625,5.416990383726178,0.120119140625,3.0624983746135155,magnetometeruncalibrated,1.7510134893875602e+18,1.7510134920360172e+18,1.7510134946844052e+18,1.7510134973328847e+18,1.75101349203599e+18,1.751013486739119e+18,3062498375.400917,-17.356197357177734,-17.022239685058594,-16.735763549804688,-16.188308715820312,-17.077080885569256,-18.2586669921875,0.4440530139638265,-195.88117218017575,-195.6490173339844,-195.4254302978516,-194.825912475586,-195.6946960362521,-196.9268035888672,0.3705523680168018,-390.78153228759766,-390.5773620605469,-390.3358383178711,-389.2548828125,-390.5743798920603,-391.6766357421875,0.3569889772680201,,,,,,,,,,,,,,
-33.0579719543457,-32.24900817871094,-31.43874740600586,-23.985795974731445,-31.80563352675665,-35.227439880371094,2.064079652632529,105,2-07,2.688,5.288,7.921,10.521,5.296733340308779,0.027000244140625,3.069890997695562,microphone,1.751013489307e+18,1.751013491907e+18,1.75101349454e+18,1.75101349714e+18,1.751013491915733e+18,1.751013486646e+18,3069890997.107804,,,,,,,,,,,,,,,,,,,,,,,,,,,,,,,,,,,
,,,,,,,10,2-07,1.77683203125,4.0281301269531244,5.82980078125,8.08109619140625,3.848280102539063,-0.474462890625,2.8339821960926126,barometer,1.751013488395832e+18,1.75101349064713e+18,1.7510134924488008e+18,1.7510134947000965e+18,1.75101349046728e+18,1.751013486144537e+18,2833982225.4108424,,,,,,,,,,,,,,,,,,,,,,1019.818229675293,1019.8207473754884,1019.8231697082518,1019.8258972167968,1019.8209991455078,1019.817352294922,0.0030161153738111,0.0224590301513671,0.042276382446289,0.0620946884155273,0.0686988830566406,0.0396347045898437,0.0,0.0243129303858505
,,,,,,,1067,2-07,2.764915893554688,5.414822998046875,8.064724731445313,10.7146337890625,5.414822151219834,0.11501708984375,3.0641518423799137,accelerometeruncalibrated,1.7510134893839158e+18,1.751013492033823e+18,1.7510134946837248e+18,1.7510134973336338e+18,1.7510134920338222e+18,1.751013486734017e+18,3064151841.060868,0.0461349487304687,0.05694580078125,0.062713623046875,0.0807037353515625,0.0529822194922607,0.010589599609375,0.0126500822666075,-0.2137222290039062,-0.2086639404296875,-0.2049789428710937,-0.1925201416015625,-0.2112225690732632,-0.2469482421875,0.0098590944278667,-0.9941482543945312,-0.9899139404296876,-0.9854354858398438,-0.93157958984375,-0.9898737413143598,-1.0532073974609375,0.0081929453868557,,,,,,,,,,,,,,
,,,,,,,1066,2-07,2.767401428222656,5.414822143554687,8.062239379882811,10.709662841796876,5.4148221412644375,0.119989013671875,3.061281435156348,gyroscopeuncalibrated,1.7510134893864013e+18,1.7510134920338222e+18,1.7510134946812393e+18,1.7510134973286628e+18,1.7510134920338222e+18,1.751013486738989e+18,3061281437.004914,-0.0360028082504868,-0.0088596707209944,0.0143963166046887,0.1723070591688156,-0.0102914317088535,-0.2450616806745529,0.0436922285599803,0.0003625893805291,0.0133746615611016,0.0273017953149973,0.4017082750797272,0.0161949200674888,-0.126490831375122,0.0376309763402233,-0.0039232355775311,0.0042057971004396,0.0117976039182394,0.157833844423294,0.0056096582496605,-0.0690672174096107,0.0223694514910747,,,,,,,,,,,,,,
,,,,,,,1053,2-08,2.7713359375,5.411910888671875,8.052820556640626,10.69368359375,5.412045968688791,0.13052734375,3.05364514717762,magnetometeruncalibrated,1.751013512715336e+18,1.751013515355911e+18,1.7510135179968205e+18,1.7510135206376837e+18,1.751013515356046e+18,1.7510135100745272e+18,3053645147.19002,-18.409332275390625,-17.82171630859375,-17.444686889648438,-16.415283203125,-17.911267431826108,-19.319549560546875,0.559363573825675,-196.61834716796875,-196.2941131591797,-195.9371795654297,-194.87127685546875,-196.29547277090103,-197.8927001953125,0.4654115912612535,-394.7430114746094,-394.4197692871094,-394.0724182128906,-393.1299133300781,-394.41548462493694,-395.76019287109375,0.4415266235820665,,,,,,,,,,,,,,
-37.82100486755371,-36.1992073059082,-34.74071502685547,-27.26627922058105,-36.03419535368391,-41.80630493164063,2.6028345647503435,103,2-08,2.641,5.325,7.942,10.541,5.300475721044449,0.032,3.09590695602086,microphone,1.751013512585e+18,1.751013515269e+18,1.751013517886e+18,1.751013520485e+18,1.7510135152444756e+18,1.751013509976e+18,3095906932.4903946,,,,,,,,,,,,,,,,,,,,,,,,,,,,,,,,,,,
,,,,,,,10,2-08,1.785311767578125,4.0364638671875,5.8381304321289065,8.089426025390624,3.856628833007812,-0.46613720703125,2.8339640939071007,barometer,1.7510135117293115e+18,1.751013513980464e+18,1.7510135157821304e+18,1.751013518033426e+18,1.751013513800629e+18,1.751013509477863e+18,2833964059.926295,,,,,,,,,,,,,,,,,,,,,,1019.82213973999,1019.8236846923828,1019.8250198364258,1019.836196899414,1019.8245315551758,1019.816665649414,0.0054537513052621,0.0924787521362304,0.1004066467285156,0.1149396896362304,0.158538818359375,0.0951221466064452,0.0,0.0447724294383125
,,,,,,,1064,2-08,2.7644710083007813,5.40691943359375,8.049368103027344,10.6918173828125,5.406920457653533,0.122026123046875,3.05554154481874,accelerometeruncalibrated,1.751013512708471e+18,1.7510135153509194e+18,1.751013517993368e+18,1.7510135206358175e+18,1.7510135153509204e+18,1.7510135100660262e+18,3055541542.7983704,0.021392822265625,0.0392913818359375,0.0468330383300781,0.086151123046875,0.0351331467018987,-0.00732421875,0.0169659720754595,-0.2426719665527343,-0.2353134155273437,-0.2244071960449218,-0.1782073974609375,-0.2347461585711716,-0.2802734375,0.0148929906565197,-0.9917831420898438,-0.9856719970703124,-0.9778900146484376,-0.931671142578125,-0.9852515485949982,-1.0351715087890625,0.0122447403286212,,,,,,,,,,,,,,
,,,,,,,1064,2-08,2.7644710083007813,5.40691943359375,8.049368103027344,10.6918173828125,5.406920457653533,0.122026123046875,3.05554154481874,gyroscopeuncalibrated,1.751013512708471e+18,1.7510135153509194e+18,1.751013517993368e+18,1.7510135206358175e+18,1.7510135153509204e+18,1.7510135100660262e+18,3055541542.7983704,-0.0347587130963802,-0.0079312929883598,0.0203833682462572,0.2329312562942505,-0.0067025776557421,-0.2007618695497512,0.0563191949968914,-0.0087488167919218,0.0140742734074592,0.0364769836887716,0.4387094378471374,0.0125358267891213,-0.1832771450281143,0.0534631074544463,-0.0153950017411261,0.0066200857982039,0.0243890294805168,0.0921616181731224,0.0010451160408736,-0.1682132482528686,0.0411314366559168,,,,,,,,,,,,,,
,,,,,,,1054,2-09,2.764782958984375,5.408003540039062,8.050919921875,10.69407080078125,5.4078943429328,0.121595703125,3.0563580073716943,magnetometeruncalibrated,1.751013530329783e+18,1.7510135329730035e+18,1.75101353561592e+18,1.7510135382590707e+18,1.7510135329728945e+18,1.7510135276865956e+18,3056358008.1843066,-22.516891479492188,-20.61583709716797,-19.377899169921875,-17.687118530273438,-20.81095835560865,-24.327163696289062,1.7077945697695065,-201.3854713439941,-200.56272888183597,-200.29169464111328,-199.33848571777344,-200.7681946727311,-202.30621337890625,0.6343904876861639,-392.8626327514648,-392.4585876464844,-392.0618591308594,-390.4442138671875,-392.4524583327928,-393.8688354492188,0.5893305943680576,,,,,,,,,,,,,,
-36.40820598602295,-34.66773223876953,-33.206807136535645,-24.21643447875977,-34.516234764686,-38.732887268066406,2.4312699000575217,104,2-09,2.665,5.34,7.965,10.574,5.313692312387319,0.033000244140625,3.0964577525408488,microphone,1.75101353023e+18,1.751013532905e+18,1.75101353553e+18,1.751013538139e+18,1.7510135328786924e+18,1.751013527598e+18,3096457742.48623,,,,,,,,,,,,,,,,,,,,,,,,,,,,,,,,,,,
,,,,,,,10,2-09,1.8142431640625,4.065539306640625,5.867212158203125,8.118509033203125,3.885689892578125,-0.43705322265625,2.833982535667574,barometer,1.7510135293792433e+18,1.7510135316305393e+18,1.7510135334322122e+18,1.751013535683509e+18,1.7510135314506898e+18,1.7510135271279468e+18,2833982535.780405,,,,,,,,,,,,,,,,,,,,,,1019.8074913024902,1019.8078536987304,1019.8084449768064,1019.8088836669922,1019.807975769043,1019.80712890625,0.00061924077308,-0.0039653778076171,0.0,0.0052833557128906,0.0052833557128906,-0.0005294799804687,-0.0105705261230468,0.0063269978473261
,,,,,,,1064,2-09,2.7580579223632813,5.400504638671874,8.042955017089843,10.685408447265624,5.400506519288944,0.11560888671875,3.0555430328455864,accelerometeruncalibrated,1.751013530323058e+18,1.7510135329655048e+18,1.751013535607955e+18,1.7510135382504084e+18,1.7510135329655066e+18,1.7510135276806088e+18,3055543030.8133187,-0.0200958251953125,-0.0063705444335937,0.0153732299804687,0.0601806640625,-0.0042184815370946,-0.06829833984375,0.023953941209484,-0.219512939453125,-0.2113265991210937,-0.2053108215332031,-0.177459716796875,-0.213817696822317,-0.2569427490234375,0.01324694225222,-0.9970855712890624,-0.990814208984375,-0.9840660095214844,-0.910797119140625,-0.9908517106135089,-1.0446624755859375,0.0124112235239921,,,,,,,,,,,,,,
,,,,,,,1064,2-09,2.763029174804688,5.405476196289063,8.047926696777344,10.69037939453125,5.405478207466298,0.120579833984375,3.05554304479087,gyroscopeuncalibrated,1.7510135303280292e+18,1.751013532970476e+18,1.7510135356129267e+18,1.7510135382553797e+18,1.751013532970478e+18,1.7510135276855798e+18,3055543042.9137006,-0.0380160911008715,-0.0049908969085663,0.0261722821742295,0.632045328617096,-0.0076097685799284,-0.5445501208305359,0.0794796211243175,-0.0155003296677022,0.0202382933348416,0.0476330323144793,0.4203543961048126,0.0185773071666893,-0.2492833286523819,0.0740808139083048,-0.0183931216597556,0.0081567293964326,0.0426109097898006,0.2216596901416778,0.0131590370461038,-0.2028098404407501,0.0633318746055992,,,,,,,,,,,,,,
,,,,,,,1049,2-10,2.762706787109375,5.393763916015625,8.024892578125,10.656003173828124,5.393800500104265,0.131668212890625,3.0424741150479866,magnetometeruncalibrated,1.751013649627707e+18,1.751013652258764e+18,1.7510136548898926e+18,1.7510136575210033e+18,1.7510136522588006e+18,1.7510136469966682e+18,3042474115.453596,-17.103500366210938,-16.519073486328125,-16.237106323242188,-15.454254150390623,-16.69008539743487,-18.463455200195312,0.5887043866051007,-200.4952087402344,-199.9617462158203,-199.6390991210937,-198.77960205078125,-200.1583603094372,-202.66737365722656,0.7542116463165381,-394.33880615234375,-393.9756774902344,-393.5989990234375,-391.4732360839844,-393.9307411273851,-395.61663818359375,0.6037113484702366,,,,,,,,,,,,,,
-33.7913703918457,-33.15449142456055,-32.46619415283203,-30.725753784179688,-33.07791012355259,-36.28793716430664,1.0759995727678675,105,2-10,2.656999755859375,5.275,7.907,10.507,5.279457138206844,0.032999755859375,3.0710125492033,microphone,1.751013649522e+18,1.75101365214e+18,1.751013654772e+18,1.751013657372e+18,1.7510136521444572e+18,1.751013646898e+18,3071012549.3448877,,,,,,,,,,,,,,,,,,,,,,,,,,,,,,,,,,,
,,,,,,,1060,2-10,2.7575549926757814,5.390078369140625,8.022601196289061,10.655123046875,5.3900781376676745,0.125031005859375,3.0440811383343425,accelerometeruncalibrated,1.751013649622555e+18,1.7510136522550784e+18,1.7510136548876012e+18,1.7510136575201231e+18,1.751013652255078e+18,1.751013646990031e+18,3044081138.7990994,0.0492095947265625,0.0600967407226562,0.0652999877929687,0.1109161376953125,0.0555084516417305,-0.004608154296875,0.0139848249507643,-0.2496681213378906,-0.232513427734375,-0.2236137390136718,-0.1992340087890625,-0.239432784746278,-0.3524627685546875,0.0213606194842728,-0.9896316528320312,-0.9842681884765624,-0.9791412353515624,-0.868804931640625,-0.9833100228939416,-1.0956268310546875,0.0129344185486793,,,,,,,,,,,,,,
,,,,,,,1059,2-10,2.760040771484375,5.390078857421875,8.020114868164063,10.6501513671875,5.390078136757481,0.130002197265625,3.041210716015021,gyroscopeuncalibrated,1.751013649625041e+18,1.751013652255079e+18,1.751013654885115e+18,1.7510136575151514e+18,1.751013652255078e+18,1.751013646995002e+18,3041210715.4517927,-0.0353418793529271,-0.0141480434685945,0.0092994924634694,0.4480369091033935,-0.0149187997308101,-0.4435337781906128,0.0575695006200162,-0.0010025469819083,0.0152692338451743,0.0323166605085134,0.5849452018737793,0.0170056665252667,-0.2161016762256622,0.0556042646433053,-0.0153877446427941,0.0052781188860535,0.0242371624335646,0.2450310587882995,0.0035713890626261,-0.2860772907733917,0.0543906032022033,,,,,,,,,,,,,,
,,,,,,,1062,2-11,2.786475341796875,5.450219482421876,8.113704833984375,10.777256103515626,5.450093959427599,0.1226494140625,3.080065290475335,magnetometeruncalibrated,1.7510136677354752e+18,1.7510136703992197e+18,1.751013673062705e+18,1.751013675726256e+18,1.751013670399094e+18,1.7510136650716495e+18,3080065293.444777,-18.328895568847656,-18.080307006835938,-17.804298400878906,-16.905609130859375,-18.090214817312926,-19.501144409179688,0.4529970849149557,-198.7859039306641,-198.4313201904297,-198.03099822998047,-197.1027069091797,-198.41715841059852,-199.8299865722656,0.4917404589824393,-393.7720642089844,-393.4368591308594,-392.9761199951172,-391.7957763671875,-393.35310041926897,-394.5108337402344,0.5512146268007042,,,,,,,,,,,,,,
-36.26744365692139,-34.481449127197266,-32.020326137542725,-20.965761184692383,-33.77187449977083,-39.739707946777344,3.449346397018039,106,2-11,2.66475,5.2895,7.947250061035157,10.588999755859374,5.304245283018868,0.033000244140625,3.0893436573003106,microphone,1.75101366761375e+18,1.7510136702384998e+18,1.75101367289625e+18,1.751013675538e+18,1.7510136702532454e+18,1.751013664982e+18,3089343656.2713013,,,,,,,,,,,,,,,,,,,,,,,,,,,,,,,,,,,
,,,,,,,10,2-11,1.782962890625,4.034257568359375,5.835925109863281,8.087227783203126,3.854406274414063,-0.468338134765625,2.8339824569391685,barometer,1.751013666731963e+18,1.7510136689832576e+18,1.7510136707849252e+18,1.7510136730362278e+18,1.7510136688034063e+18,1.7510136644806618e+18,2833982465.5839787,,,,,,,,,,,,,,,,,,,,,,1019.826011657715,1019.8283004760742,1019.8287963867188,1019.831314086914,1019.827896118164,1019.8252105712892,0.0020531121383945,0.0224590301513671,0.0264244079589843,0.047560691833496,0.0528450012207031,0.0301223754882812,0.0,0.0181440425797188
,,,,,,,1073,2-11,2.787375244140625,5.45220654296875,8.11704248046875,10.781885009765626,5.452207975048055,0.12253564453125,3.081392654121551,accelerometeruncalibrated,1.7510136677363753e+18,1.7510136704012063e+18,1.7510136730660424e+18,1.751013675730885e+18,1.7510136704012078e+18,1.7510136650715356e+18,3081392654.555777,0.012847900390625,0.0191650390625,0.0280609130859375,0.0873260498046875,0.020743946882463,-0.0343475341796875,0.014529056852047,-0.2725067138671875,-0.264617919921875,-0.25823974609375,-0.2319183349609375,-0.2661115463271056,-0.343231201171875,0.0126638440597554,-0.98443603515625,-0.977691650390625,-0.9707489013671876,-0.8780975341796875,-0.9775043924834722,-1.034637451171875,0.0127361691819499,,,,,,,,,,,,,,
,,,,,,,1073,2-11,2.787375244140625,5.45220654296875,8.11704248046875,10.781885009765626,5.452207975048055,0.12253564453125,3.081392654121551,gyroscopeuncalibrated,1.7510136677363753e+18,1.7510136704012063e+18,1.7510136730660424e+18,1.751013675730885e+18,1.7510136704012078e+18,1.7510136650715356e+18,3081392654.555777,-0.0398486144840717,-0.006436061579734,0.0228813476860523,0.2388663738965988,-0.0078572993824642,-0.2230956703424453,0.0574993423593963,-0.0117205716669559,0.0139440447092056,0.03920279443264,0.2300076335668563,0.0121700955991373,-0.2010385692119598,0.0500870559885911,-0.0201425515115261,0.0008135957177728,0.0241442173719406,0.2530575692653656,0.0034417897206192,-0.3139744400978088,0.0501052514857149,,,,,,,,,,,,,,
,,,,,,,1050,2-12,2.7587731933593758,5.392468383789062,8.025954040527344,10.659394287109375,5.3923666536458335,0.125219970703125,3.0453231764560416,magnetometeruncalibrated,1.7510136856097733e+18,1.7510136882434683e+18,1.751013690876954e+18,1.7510136935103944e+18,1.751013688243367e+18,1.75101368297622e+18,3045323178.086995,-16.518680572509766,-16.35089874267578,-16.10696792602539,-15.511062622070312,-16.329540347144718,-17.4146728515625,0.2991896356399328,-195.79309463500977,-195.52281188964844,-195.2952651977539,-193.8830108642578,-195.49804154168996,-196.5324859619141,0.4629864562683301,-393.63598632812506,-393.3750915527344,-393.0789184570313,-392.1151123046875,-393.3721553838821,-394.8030700683594,0.3949707186611931,,,,,,,,,,,,,,
-42.98357009887695,-42.01844787597656,-40.778282165527344,-36.044918060302734,-41.89676935105097,-46.375919342041016,1.7970820411262545,105,2-12,2.646,5.259000244140625,7.874,10.474,5.258314285714286,0.030999755859375,3.0600854577187437,microphone,1.751013685497e+18,1.75101368811e+18,1.751013690725e+18,1.751013693325e+18,1.7510136881093143e+18,1.751013682882e+18,3060085475.3192105,,,,,,,,,,,,,,,,,,,,,,,,,,,,,,,,,,,
,,,,,,,1061,2-12,2.75343017578125,5.388439453125,8.023447509765624,10.658451171875,5.388436988018012,0.1184228515625,3.0469502271651137,accelerometeruncalibrated,1.75101368560443e+18,1.7510136882394394e+18,1.7510136908744476e+18,1.7510136935094513e+18,1.751013688239437e+18,1.7510136829694228e+18,3046950226.4137344,0.017822265625,0.025054931640625,0.03179931640625,0.073028564453125,0.0247803309635662,-0.029876708984375,0.0104777675670906,-0.2700653076171875,-0.260040283203125,-0.2530517578125,-0.22100830078125,-0.2603008906645779,-0.2910308837890625,0.0117545658621765,-0.9841461181640624,-0.9786834716796876,-0.9734954833984376,-0.88092041015625,-0.979013685681256,-1.032989501953125,0.0102134470639591,,,,,,,,,,,,,,
,,,,,,,1061,2-12,2.75343017578125,5.388439453125,8.023447509765624,10.658451171875,5.388436988018012,0.1184228515625,3.0469502271651137,gyroscopeuncalibrated,1.75101368560443e+18,1.7510136882394394e+18,1.7510136908744476e+18,1.7510136935094513e+18,1.751013688239437e+18,1.7510136829694228e+18,3046950226.4137344,-0.0294367186725139,-0.0106968525797128,0.0123330987989902,0.2716171145439148,-0.0084701572334288,-0.3366022408008575,0.0486744970684021,0.0002511360798962,0.0205367002636194,0.0360030084848403,0.3056821525096893,0.0188436120417298,-0.2073161751031875,0.0364243561793761,-0.0035071168094873,0.0110481232404708,0.0267602410167455,0.1435257345438003,0.0123733565680919,-0.109145663678646,0.0287538330363721,,,,,,,,,,,,,,
,,,,,,,1057,2-13,2.781246826171875,5.4324501953125,8.083377197265625,10.734494873046875,5.432321999079796,0.12999658203125,3.0655702206340383,magnetometeruncalibrated,1.7510137022672468e+18,1.7510137049184502e+18,1.7510137075693773e+18,1.7510137102204948e+18,1.7510137049183222e+18,1.751013699615997e+18,3065570220.4452114,-14.64556884765625,-14.483306884765623,-14.317550659179688,-13.706253051757812,-14.4804630766754,-15.224853515625,0.2515534851859824,-170.14736938476562,-169.9354705810547,-169.65953063964844,-168.56321716308594,-169.9033625953696,-171.03759765625,0.3840555739636068,-405.5610961914063,-405.2807312011719,-405.08489990234375,-404.2244262695313,-405.3014035833931,-406.5738525390625,0.3613670063984358,,,,,,,,,,,,,,
-40.47123336791992,-39.582298278808594,-38.10932922363281,-29.03557777404785,-38.9046323685419,-42.553001403808594,2.6166741906010245,105,2-13,2.667,5.317,7.983,10.583,5.311409523809524,0.029,3.099233399847104,microphone,1.751013702153e+18,1.751013704803e+18,1.751013707469e+18,1.751013710069e+18,1.7510137047974098e+18,1.751013699515e+18,3099233390.5768294,,,,,,,,,,,,,,,,,,,,,,,,,,,,,,,,,,,
,,,,,,,10,2-13,1.7854103393554688,4.036705688476562,5.838376525878906,8.089675537109375,3.8568558105468753,-0.465887451171875,2.833981995231555,barometer,1.7510137012714104e+18,1.7510137035227057e+18,1.7510137053243766e+18,1.7510137075756756e+18,1.7510137033428557e+18,1.7510136990201126e+18,2833981996.5125856,,,,,,,,,,,,,,,,,,,,,,1019.8189353942872,1019.8217010498048,1019.8306274414062,1019.8416900634766,1019.8255310058594,1019.8186492919922,0.0085346826634928,0.0911579132080077,0.169107437133789,0.1876039505004882,0.19024658203125,0.1342288970947265,0.0,0.0709534671525266
,,,,,,,1067,2-13,2.7784820556640626,5.428403076171875,8.078324829101563,10.72824755859375,5.428403461946096,0.1285576171875,3.0641715436486776,accelerometeruncalibrated,1.751013702264482e+18,1.751013704914403e+18,1.7510137075643249e+18,1.7510137102142477e+18,1.7510137049144033e+18,1.7510136996145577e+18,3064171543.312383,0.0501937866210937,0.053436279296875,0.056640625,0.0820465087890625,0.0536092885096942,0.0313568115234375,0.0052526239961482,-0.277496337890625,-0.2732391357421875,-0.2690277099609375,-0.250579833984375,-0.2726255808350296,-0.28961181640625,0.0076761485886218,-0.9779205322265624,-0.9741058349609376,-0.9703750610351562,-0.9317474365234376,-0.9743171413031938,-0.9935760498046876,0.0055430279598155,,,,,,,,,,,,,,
,,,,,,,1068,2-13,2.775996826171875,5.4284033203125,8.080811157226563,10.7332197265625,5.428403464556633,0.123586669921875,3.067041970991752,gyroscopeuncalibrated,1.7510137022619968e+18,1.7510137049144033e+18,1.7510137075668111e+18,1.7510137102192197e+18,1.7510137049144033e+18,1.7510136996095867e+18,3067041970.7288723,-0.0190798183903097,-0.0046357645187526,0.0102918525226413,0.099444568157196,-0.0048941292426191,-0.1624850481748581,0.0250696674941616,0.0020772655843756,0.0123127261176705,0.0230882745236158,0.1012957245111465,0.0132171795937094,-0.0844126194715499,0.0184793124392247,-0.0030909978668204,0.0037693049525841,0.0103250092361122,0.0603035539388656,0.0040400163550866,-0.0464330129325389,0.0119785927668547,,,,,,,,,,,,,,
,,,,,,,1084,2-14,2.841882385253906,5.560844848632812,8.279888244628907,10.999136962890624,5.560914690869321,0.1229794921875,3.1439858508037903,magnetometeruncalibrated,1.7510137192258824e+18,1.7510137219448448e+18,1.7510137246638884e+18,1.751013727383137e+18,1.7510137219449147e+18,1.7510137165069796e+18,3143985853.366837,-48.18452072143555,-47.79022216796875,-46.91690826416016,-45.57830810546875,-47.6964886654787,-50.7576904296875,1.0406977851090415,-174.26200103759766,-173.10089111328125,-172.26177597045898,-161.36898803710938,-171.6069536948116,-175.8745574951172,4.235984800420732,-406.72210693359375,-406.4556884765625,-406.0757675170898,-403.6059875488281,-406.2061390612838,-407.7789306640625,0.8434169133145598,,,,,,,,,,,,,,
-43.95427131652833,-42.81951141357422,-41.36847305297852,-20.638671875,-41.96742066713137,-45.841983795166016,3.729649305437917,107,2-14,2.6914998779296875,5.408,8.125,10.808,5.409280382958528,0.032,3.164950057465533,microphone,1.7510137190755e+18,1.751013721792e+18,1.7510137245090002e+18,1.751013727192e+18,1.7510137217932805e+18,1.751013716416e+18,3164950064.025716,,,,,,,,,,,,,,,,,,,,,,,,,,,,,,,,,,,
,,,,,,,10,2-14,1.7770031127929686,4.02830322265625,5.830089904785156,8.08138720703125,3.8484982666015615,-0.474292724609375,2.834032626534632,barometer,1.751013718161003e+18,1.751013720412303e+18,1.75101372221409e+18,1.7510137244653873e+18,1.7510137202324982e+18,1.7510137159097073e+18,2834032674.2775497,,,,,,,,,,,,,,,,,,,,,,1019.779167175293,1019.780616760254,1019.7833824157716,1019.7837829589844,1019.7811508178712,1019.7785949707032,0.0021417485977463,0.001321792602539,0.0264244079589843,0.0369949340820312,0.0422782897949218,0.021139907836914,0.0,0.01779146187412
,,,,,,,1095,2-14,2.843833129882813,5.5633642578125,8.282888549804687,11.002415771484374,5.563361419761344,0.124305419921875,3.144545619654949,accelerometeruncalibrated,1.751013719227833e+18,1.7510137219473644e+18,1.7510137246668884e+18,1.751013727386416e+18,1.7510137219473613e+18,1.7510137165083054e+18,3144545618.954204,0.0306854248046875,0.043365478515625,0.05303955078125,0.1057586669921875,0.0417997734731735,-0.0721282958984375,0.0195090358492221,-0.44549560546875,-0.4249725341796875,-0.4039077758789062,-0.15289306640625,-0.3873190405161957,-0.48388671875,0.0941651812093097,-0.9341583251953124,-0.91583251953125,-0.9062652587890624,-0.8736114501953125,-0.9282494810618224,-1.0377197265625,0.034233590990565,,,,,,,,,,,,,,
,,,,,,,1095,2-14,2.8388609619140626,5.558393310546875,8.277916503906251,10.997444091796876,5.558389698157463,0.11933349609375,3.144545624758341,gyroscopeuncalibrated,1.751013719222861e+18,1.751013721942393e+18,1.7510137246619167e+18,1.751013727381444e+18,1.7510137219423895e+18,1.7510137165033334e+18,3144545624.127913,-0.0552344918251037,-0.0119791645556688,0.0300662890076637,0.3013657033443451,-0.0267245494752632,-0.9855735898017884,0.1215296109800281,-0.0253777941688895,0.0048011466860771,0.0376606937497853,0.3188299238681793,0.0051458826851587,-0.1900604814291,0.0576992575806448,-0.0250012241303919,0.0057401773519814,0.0301955854520201,0.2581245005130768,0.001833158580918,-0.2906643152236938,0.0525069794743226,,,,,,,,,,,,,,
,,,,,,,1100,2-15,2.8805590209960936,5.639814208984375,8.399065612792969,11.158397705078125,5.639834053844106,0.121299560546875,3.1904900537945893,magnetometeruncalibrated,1.751013737995559e+18,1.7510137407548142e+18,1.7510137435140657e+18,1.7510137462733978e+18,1.7510137407548342e+18,1.7510137352362995e+18,3190490057.5691657,-53.51549911499024,-52.93269348144531,-52.55601501464844,-51.64506530761719,-53.0677075472745,-55.06181335449219,0.6753959177107114,-161.9217758178711,-161.66605377197266,-161.39940643310547,-159.57228088378906,-161.7291198453036,-163.63711547851562,0.6592665593079503,-402.2589111328125,-401.9502868652344,-401.5897674560547,-400.2969665527344,-401.9052469426935,-403.2019653320313,0.5076232404964554,,,,,,,,,,,,,,
-38.61162185668945,-37.71763610839844,-36.63896179199219,-31.23234939575196,-37.5125111921118,-40.2033576965332,1.529838460405187,109,2-15,2.827000244140625,5.592,8.326,11.042,5.575174305207139,0.029,3.2205801198264976,microphone,1.751013737942e+18,1.751013740707e+18,1.751013743441e+18,1.751013746157e+18,1.7510137406901742e+18,1.751013735144e+18,3220580095.0868497,,,,,,,,,,,,,,,,,,,,,,,,,,,,,,,,,,,
,,,,,,,10,2-15,1.8167923583984376,4.067982788085938,5.869647766113282,8.120944091796876,3.88814375,-0.434614990234375,2.8339672610344744,barometer,1.7510137369317924e+18,1.751013739182983e+18,1.7510137409846477e+18,1.7510137432359442e+18,1.7510137390031437e+18,1.751013734680385e+18,2833967270.3313613,,,,,,,,,,,,,,,,,,,,,,1019.7710990905764,1019.7719192504884,1019.7725105285645,1019.7730255126952,1019.7718505859376,1019.7704315185548,0.00091848953835,-0.0145330429077148,-0.0079269409179687,-0.0013208389282226,0.0052833557128906,-0.0073986053466796,-0.0158538818359375,0.0075561357323205
,,,,,,,1112,2-15,2.878430297851563,5.640214233398438,8.401995788574219,11.163776611328124,5.640213998918052,0.116646484375,3.193336838898984,accelerometeruncalibrated,1.7510137379934305e+18,1.751013740755214e+18,1.7510137435169958e+18,1.7510137462787766e+18,1.751013740755214e+18,1.7510137352316465e+18,3193336836.9554605,-0.0225944519042968,-0.0099563598632812,-0.0019493103027343,0.0317230224609375,-0.0136218448337033,-0.07843017578125,0.017870234948131,-0.156036376953125,-0.1464767456054687,-0.1370811462402343,-0.0829010009765625,-0.1464254667433046,-0.1857147216796875,0.0157052457743627,-1.009418487548828,-1.0027008056640625,-0.9955558776855468,-0.946685791015625,-1.0032654083032402,-1.090240478515625,0.0135644673043766,,,,,,,,,,,,,,
,,,,,,,1112,2-15,2.878430297851563,5.640214233398438,8.401995788574219,11.163776611328124,5.640213998918052,0.116646484375,3.193336838898984,gyroscopeuncalibrated,1.7510137379934305e+18,1.751013740755214e+18,1.7510137435169958e+18,1.7510137462787766e+18,1.751013740755214e+18,1.7510137352316465e+18,3193336836.9554605,-0.0344468560069798,-0.0007241134881041,0.0316646508872508,0.3184541463851928,-0.0017438636861187,-0.4165282547473907,0.0633571856892119,-0.0181423849426209,0.0054834485054015,0.0372945079579948,0.2213877737522125,0.008810097260001,-0.4405925571918487,0.0632119738446209,-0.0161639894358813,0.0069164955057203,0.0289788539521396,0.1576271802186966,0.0041720318019016,-0.2286387681961059,0.0438880471100805,,,,,,,,,,,,,,
,,,,,,,1093,2-16,2.861020751953125,5.60245263671875,8.343920166015625,11.08531201171875,5.602452424966407,0.119582763671875,3.169885790703559,magnetometeruncalibrated,1.7510137578720207e+18,1.7510137606134523e+18,1.7510137633549202e+18,1.751013766096312e+18,1.7510137606134523e+18,1.7510137551305828e+18,3169885792.915267,-51.37384033203125,-50.82072448730469,-50.17088317871094,-49.22679138183594,-50.86038228948511,-53.213470458984375,0.8451197111049226,-157.9014892578125,-156.98548889160156,-156.578369140625,-154.83108520507812,-157.18370233450258,-159.42559814453125,0.904703957447806,-400.4749145507813,-400.1272583007813,-399.83099365234375,-398.63720703125,-400.148114734032,-401.6741333007813,0.5218733289532348,,,,,,,,,,,,,,
-38.14833831787109,-37.05927848815918,-36.1383638381958,-33.145206451416016,-37.03311347961426,-40.35307312011719,1.5626633344629404,108,2-16,2.77125,5.547000000000001,8.23875,10.929,5.506870377152056,0.03,3.195469318938528,microphone,1.75101375778225e+18,1.751013760558e+18,1.75101376324975e+18,1.75101376594e+18,1.75101376051787e+18,1.751013755041e+18,3195469314.71501,,,,,,,,,,,,,,,,,,,,,,,,,,,,,,,,,,,
,,,,,,,10,2-16,1.8120033569335936,4.063329711914062,5.86496875,8.116263916015624,3.8834540283203127,-0.43929296875,2.8339799913221184,barometer,1.7510137568230034e+18,1.7510137590743296e+18,1.7510137608759688e+18,1.751013763127264e+18,1.751013758894454e+18,1.7510137545717071e+18,2833979987.7900944,,,,,,,,,,,,,,,,,,,,,,1019.7737121582032,1019.7760772705078,1019.7780609130858,1019.7872161865234,1019.7771606445312,1019.77294921875,0.0046148973634879,0.0726623535156249,0.0898361206054687,0.1109771728515625,0.1162605285644531,0.0813823699951171,0.0,0.0383674539687581
,,,,,,,1103,2-16,2.8566744384765625,5.596083251953125,8.335485961914063,11.07489404296875,5.596080842198833,0.11726953125,3.167498973211708,accelerometeruncalibrated,1.7510137578676744e+18,1.7510137606070833e+18,1.751013763346486e+18,1.751013766085894e+18,1.7510137606070807e+18,1.7510137551282696e+18,3167498974.380625,-0.017059326171875,-0.0048675537109375,0.010223388671875,0.051910400390625,-0.0040535810095336,-0.0684967041015625,0.0216891970910573,-0.1156768798828125,-0.103363037109375,-0.0912094116210937,-0.040252685546875,-0.1036707306599898,-0.1747283935546875,0.022028954806622,-1.0152664184570312,-1.008636474609375,-1.001190185546875,-0.9067840576171876,-1.0084419561750977,-1.0872344970703125,0.0135407080078982,,,,,,,,,,,,,,
,,,,,,,1103,2-16,2.8566744384765625,5.596083251953125,8.335485961914063,11.07489404296875,5.596080842198833,0.11726953125,3.167498973211708,gyroscopeuncalibrated,1.7510137578676744e+18,1.7510137606070833e+18,1.751013763346486e+18,1.751013766085894e+18,1.7510137606070807e+18,1.7510137551282696e+18,3167498974.380625,-0.0571499709039926,-0.0052168662659823,0.0450044926255941,0.2618414759635925,-0.0091787346168427,-0.5056991577148438,0.0960479181279907,-0.0281200511381029,0.0061803977005183,0.0427131075412034,0.3815225958824157,0.0077875224398447,-0.4156310260295868,0.0804411028940367,-0.0205303085967898,0.0133158052340149,0.0425975285470485,0.270401656627655,0.0104139017664731,-0.2563516199588775,0.0631441927286154,,,,,,,,,,,,,,
,,,,,,,1071,2-17,2.7958128662109374,5.48211474609375,8.168329223632812,10.854467041015624,5.482094160776289,0.10964453125,3.106175214723296,magnetometeruncalibrated,1.7510137765338127e+18,1.7510137792201147e+18,1.751013781906329e+18,1.751013784592467e+18,1.751013779220094e+18,1.7510137738476444e+18,3106175210.746141,-51.76387023925781,-51.221282958984375,-50.994873046875,-50.05191040039063,-51.3541593863294,-52.8856201171875,0.59617066687936,-157.29845428466797,-156.9922637939453,-156.6901092529297,-155.9622344970703,-157.00600000946017,-158.2684783935547,0.4181429623191259,-398.5885162353516,-398.24017333984375,-397.8920440673828,-396.9127197265625,-398.23591039605947,-399.4110107421875,0.4644520029894884,,,,,,,,,,,,,,
-34.245408058166504,-33.39374351501465,-32.78535270690919,-29.58106231689453,-33.331372099102666,-35.801753997802734,1.2940849406037,106,2-17,2.688250061035156,5.405499877929688,8.038,10.732000244140623,5.378075469394901,0.026,3.131109482169241,microphone,1.75101377642625e+18,1.7510137791434998e+18,1.751013781776e+18,1.75101378447e+18,1.7510137791160755e+18,1.751013773764e+18,3131109488.94793,,,,,,,,,,,,,,,,,,,,,,,,,,,,,,,,,,,
,,,,,,,10,2-17,1.775634033203125,4.0269575195312495,5.828603820800781,8.079900146484375,3.8470859375,-0.4756650390625,2.83398435547574,barometer,1.751013775513634e+18,1.7510137777649574e+18,1.7510137795666038e+18,1.7510137818179e+18,1.751013777585086e+18,1.751013773262335e+18,2833984321.3881755,,,,,,,,,,,,,,,,,,,,,,1019.7544479370118,1019.7572326660156,1019.758758544922,1019.758758544922,1019.756690979004,1019.7534942626952,0.0022685103705972,-0.0422782897949218,-0.0290641784667968,-0.005284309387207,0.0,-0.0248378753662108,-0.0422782897949218,0.0189810524254187
,,,,,,,1082,2-17,2.790824096679688,5.4780361328125,8.165246643066407,10.852465087890623,5.4780362399906855,0.103617431640625,3.107230148407493,accelerometeruncalibrated,1.751013776528824e+18,1.751013779216036e+18,1.7510137819032466e+18,1.751013784590465e+18,1.7510137792160364e+18,1.7510137738416174e+18,3107230150.3001194,-0.0331001281738281,-0.0250320434570312,-0.0192794799804687,0.0034027099609375,-0.0270835890567236,-0.0648956298828125,0.0114726729873825,-0.1432151794433593,-0.1291961669921875,-0.115447998046875,-0.079498291015625,-0.1284834461599974,-0.16650390625,0.0168367163746176,-1.0113029479980469,-1.005126953125,-0.9991073608398438,-0.9755096435546876,-1.0052940805826522,-1.040496826171875,0.0101441797096117,,,,,,,,,,,,,,
,,,,,,,1082,2-17,2.790824096679688,5.4780361328125,8.165246643066407,10.852465087890623,5.4780362399906855,0.103617431640625,3.107230148407493,gyroscopeuncalibrated,1.751013776528824e+18,1.751013779216036e+18,1.7510137819032466e+18,1.751013784590465e+18,1.7510137792160364e+18,1.7510137738416174e+18,3107230150.3001194,-0.0344582423567771,-0.0100949783809482,0.0135190710425376,0.1127185598015785,-0.0106588296457411,-0.1929012835025787,0.0431001371172288,-0.0058831225614994,0.0134488302282988,0.0342186912894248,0.170725405216217,0.013737931400538,-0.2581835985183716,0.0396522101696462,-0.0169108724221586,0.0015448997728526,0.0230968631803989,0.1393032968044281,0.0034966514986064,-0.1933790445327758,0.039686790578235,,,,,,,,,,,,,,
,,,,,,,1070,2-18,2.803671875,5.48753173828125,8.171335021972656,10.8552705078125,5.4875421728971965,0.120052734375,3.1033524098302085,magnetometeruncalibrated,1.7510137996676718e+18,1.7510138023515318e+18,1.7510138050353352e+18,1.7510138077192704e+18,1.751013802351542e+18,1.7510137969840527e+18,3103352411.118268,-52.6353645324707,-51.89498901367188,-51.03290939331055,-49.8602294921875,-51.84186291560948,-53.71839904785156,0.9216774333245004,-161.98360443115234,-160.8095703125,-159.76736450195312,-155.29913330078125,-160.66917118535977,-164.1389923095703,1.77426407960842,-400.7563629150391,-400.2928466796875,-399.8923797607422,-398.68560791015625,-400.3194710704768,-401.7038269042969,0.5843422372888335,,,,,,,,,,,,,,
-38.52146720886231,-37.542259216308594,-36.36760139465332,-33.3725700378418,-37.43303701810748,-40.292911529541016,1.5223826977631325,107,2-18,2.7265,5.377,8.06,10.710000244140623,5.3818037474445095,0.033,3.123495511014208,microphone,1.7510137995904998e+18,1.751013802241e+18,1.7510138049240005e+18,1.751013807574e+18,1.7510138022458038e+18,1.751013796897e+18,3123495505.7219977,,,,,,,,,,,,,,,,,,,,,,,,,,,,,,,,,,,
,,,,,,,10,2-18,1.782801513671875,4.0340986328125,5.835765014648437,8.08706396484375,3.854246484375,-0.468497802734375,2.8339809976477213,barometer,1.7510137986468014e+18,1.7510138008980987e+18,1.751013802699765e+18,1.751013804951064e+18,1.751013800718247e+18,1.751013796395502e+18,2833981011.234816,,,,,,,,,,,,,,,,,,,,,,1019.7637176513672,1019.7642517089844,1019.7645568847656,1019.7686767578124,1019.764678955078,1019.762725830078,0.0017034045970623,0.031707763671875,0.0369949340820312,0.0409574508666991,0.0475616455078125,0.0322372436523437,0.0,0.0141915643291834
,,,,,,,1080,2-18,2.7981582641601563,5.480421752929687,8.16268182373047,10.8449404296875,5.480421109347873,0.11590234375,3.101512934221831,accelerometeruncalibrated,1.7510137996621583e+18,1.7510138023444216e+18,1.751013805026682e+18,1.7510138077089403e+18,1.7510138023444214e+18,1.7510137969799025e+18,3101512934.8319454,-0.0561599731445312,-0.0426254272460937,-0.0305519104003906,0.0133819580078125,-0.0444671207004123,-0.1692962646484375,0.01994376275509,-0.1739501953125,-0.1529617309570312,-0.1339111328125,-0.0486602783203125,-0.1515428613733362,-0.2422332763671875,0.0355646986061421,-1.009380340576172,-1.0012283325195312,-0.991741180419922,-0.89990234375,-1.000873452645761,-1.07275390625,0.014922312489689,,,,,,,,,,,,,,
,,,,,,,1080,2-18,2.7981582641601563,5.480421752929687,8.16268182373047,10.8449404296875,5.480421109347873,0.11590234375,3.101512934221831,gyroscopeuncalibrated,1.7510137996621583e+18,1.7510138023444216e+18,1.751013805026682e+18,1.7510138077089403e+18,1.7510138023444214e+18,1.7510137969799025e+18,3101512934.8319454,-0.0451353872194885,0.0083189159631728,0.0522915683686733,0.2882254123687744,0.0008046554888062,-0.4474496841430664,0.0840467999618892,-0.0224190223962068,0.011245597153902,0.0450588222593068,0.4876967072486877,0.0129503816849642,-0.2972034513950348,0.0664584382963253,-0.0303142960183322,0.0049209890421479,0.0290022231638431,0.1465798467397689,-0.003758467526832,-0.2422011792659759,0.0569928961202021,,,,,,,,,,,,,,
,,,,,,,1084,2-19,2.8479712524414063,5.566699462890625,8.285485778808594,11.004377197265624,5.566738388455661,0.129167724609375,3.143727934900705,magnetometeruncalibrated,1.751013822939971e+18,1.7510138256586995e+18,1.7510138283774856e+18,1.751013831096377e+18,1.7510138256587382e+18,1.7510138202211676e+18,3143727936.654828,-18.07134246826172,-17.727012634277344,-17.298992156982422,-16.343795776367188,-17.741499728382294,-19.64569091796875,0.6261570224214125,-162.28337478637695,-161.93670654296875,-161.5607681274414,-159.96188354492188,-161.87177584883912,-163.17137145996094,0.5396084483660354,-401.49214935302734,-401.2385711669922,-400.9506607055664,-400.0079345703125,-401.2261076079084,-402.6173095703125,0.3990635866107632,,,,,,,,,,,,,,
-37.37569713592529,-36.373809814453125,-35.11396026611328,-27.844314575195312,-36.07472166025413,-39.90745162963867,1.9736092766460045,106,2-19,2.726999877929688,5.452,8.126999999999999,10.835,5.437349054300562,0.024,3.1572046682222648,microphone,1.7510138228189998e+18,1.751013825544e+18,1.751013828219e+18,1.751013830927e+18,1.7510138255293486e+18,1.751013820116e+18,3157204663.38348,,,,,,,,,,,,,,,,,,,,,,,,,,,,,,,,,,,
,,,,,,,10,2-19,1.8080402221679688,4.0593366699218745,5.861006042480469,8.112297607421874,3.879484204101562,-0.443259033203125,2.8339801826416786,barometer,1.7510138219000402e+18,1.7510138241513367e+18,1.751013825953006e+18,1.7510138282042977e+18,1.7510138239714842e+18,1.7510138196487409e+18,2833980221.522486,,,,,,,,,,,,,,,,,,,,,,1019.730281829834,1019.7378158569336,1019.7455978393556,1019.7522735595704,1019.7369918823242,1019.7169494628906,0.0115233355094167,-0.2391319274902343,-0.1743927001953125,-0.1122999191284179,0.0,-0.1675239562988281,-0.2959403991699219,0.0960663161098688
,,,,,,,1095,2-19,2.8402275390625,5.559757080078125,8.279295776367187,10.99884423828125,5.5597614870951055,0.1206923828125,3.1445560442583225,accelerometeruncalibrated,1.7510138229322276e+18,1.751013825651757e+18,1.7510138283712955e+18,1.7510138310908442e+18,1.7510138256517614e+18,1.7510138202126925e+18,3144556043.9069448,-0.027740478515625,-0.0161590576171875,-0.0039749145507812,0.0613250732421875,-0.0166903979157748,-0.0684051513671875,0.0174368893120649,-0.1638336181640625,-0.1527252197265625,-0.1435394287109375,-0.1134033203125,-0.1538750914133847,-0.217041015625,0.0147894840516178,-1.0101242065429688,-1.002777099609375,-0.9947738647460938,-0.8872528076171875,-1.0020070115180866,-1.04632568359375,0.0128100474142939,,,,,,,,,,,,,,
,,,,,,,1095,2-19,2.845199462890625,5.564729248046875,8.284267700195313,11.003816162109375,5.564733232555651,0.125664794921875,3.1445560643565016,gyroscopeuncalibrated,1.7510138229371996e+18,1.751013825656729e+18,1.7510138283762678e+18,1.7510138310958162e+18,1.7510138256567332e+18,1.7510138202176648e+18,3144556064.1090145,-0.0377573668956756,-0.0011638014111667,0.0298922518268227,0.3698025643825531,-0.0067937209769779,-0.4027653038501739,0.0695041477905085,-0.0206978218629956,0.0063716126605868,0.0344787463545799,0.4573830068111419,0.0096340068835829,-0.2890104949474334,0.0581770831431667,-0.0188694279640912,0.0066672237589955,0.0327337123453616,0.2497091740369796,0.0045077980499739,-0.2080962061882019,0.0480363926315775,,,,,,,,,,,,,,
,,,,,,,1077,2-20,2.8247734375,5.525989501953125,8.22711767578125,10.928250732421876,5.525907068789172,0.12338623046875,3.1234289513838407,magnetometeruncalibrated,1.7510139103557734e+18,1.7510139130569894e+18,1.7510139157581176e+18,1.7510139184592507e+18,1.7510139130569073e+18,1.7510139076543862e+18,3123428951.5871286,-18.17538452148437,-17.65997314453125,-16.5557861328125,-15.0780029296875,-17.42051372333268,-19.394927978515625,1.003078842820543,-160.93231201171875,-160.4290313720703,-159.75213623046875,-158.19004821777344,-160.38420977720864,-162.08193969726562,0.833939156590353,-397.39642333984375,-396.9560546875,-396.5688171386719,-395.7572937011719,-397.0118276441994,-398.5901794433594,0.5635206783192506,,,,,,,,,,,,,,
-33.70749568939209,-33.06336212158203,-31.96337985992432,-24.224395751953125,-32.52381762018744,-37.04774856567383,2.120357913968116,106,2-20,2.731,5.4225,8.08,10.755000244140623,5.411207549473026,0.03,3.1365786204115222,microphone,1.751013910262e+18,1.7510139129535002e+18,1.751013915611e+18,1.751013918286e+18,1.7510139129422075e+18,1.751013907561e+18,3136578615.519307,,,,,,,,,,,,,,,,,,,,,,,,,,,,,,,,,,,
,,,,,,,10,2-20,1.7788148803710937,4.030112426757812,5.831778442382813,8.083075927734376,3.8502597900390634,-0.47248193359375,2.8339801878057527,barometer,1.7510139093098148e+18,1.7510139115611126e+18,1.7510139133627784e+18,1.751013915614076e+18,1.7510139113812598e+18,1.751013907058518e+18,2833980206.852027,,,,,,,,,,,,,,,,,,,,,,1019.8014259338378,1019.8035430908204,1019.8111343383788,1019.8194122314452,1019.8065719604492,1019.7996520996094,0.0069104937010372,-0.0634145736694335,0.0,0.0171737670898437,0.031707763671875,-0.0253665924072265,-0.1321182250976562,0.0572869324469404
,,,,,,,1088,2-20,2.816624389648437,5.518777587890625,8.220933471679688,10.9230927734375,5.518780123317943,0.114476318359375,3.1244843405407323,accelerometeruncalibrated,1.7510139103476244e+18,1.7510139130497777e+18,1.7510139157519334e+18,1.7510139184540928e+18,1.75101391304978e+18,1.7510139076454764e+18,3124484339.444812,-0.0261917114257812,-0.0102157592773437,0.0119056701660156,0.0526885986328125,-0.0075453449698055,-0.061065673828125,0.023682274565977,-0.1312789916992187,-0.1178207397460937,-0.1001434326171875,-0.0477294921875,-0.1156933588140151,-0.183013916015625,0.0222123758395552,-1.0152435302734375,-1.006439208984375,-0.9982681274414062,-0.9627532958984376,-1.0070137837353874,-1.0552520751953125,0.01330043508544,,,,,,,,,,,,,,
,,,,,,,1088,2-20,2.816624389648437,5.518777587890625,8.220933471679688,10.9230927734375,5.518780123317943,0.114476318359375,3.1244843405407323,gyroscopeuncalibrated,1.7510139103476244e+18,1.7510139130497777e+18,1.7510139157519334e+18,1.7510139184540928e+18,1.75101391304978e+18,1.7510139076454764e+18,3124484339.444812,-0.049828010611236,-0.0048311073333024,0.0461534457281231,0.2583407461643219,-0.0078472670447307,-0.3963020741939544,0.0898571457212479,-0.0288677331991493,0.0089599387720227,0.0545183699578046,0.2238631844520568,0.0097433260977281,-0.3442399203777313,0.0731610268926096,-0.0266790147870778,0.0055806541349738,0.045494514517486,0.3420521318912506,0.0032250086546057,-0.3932508826255798,0.0760474838426415,,,,,,,,,,,,,,
,,,,,,,1066,2-21,2.7955903320312503,5.4692012939453125,8.142789367675782,10.816540283203125,5.469196671763236,0.122098876953125,3.09154894342384,magnetometeruncalibrated,1.7510139307725903e+18,1.751013933446201e+18,1.7510139361197893e+18,1.7510139387935404e+18,1.7510139334461967e+18,1.751013928099099e+18,3091548944.4700017,-50.88071823120117,-50.57343292236328,-50.15625,-48.581634521484375,-50.46449099427987,-51.80680847167969,0.5874671417231383,-158.70182037353516,-158.35009765625,-158.12443161010742,-157.26455688476562,-158.43183539642848,-159.66822814941406,0.4553787539587736,-397.0311737060547,-396.7083282470703,-396.3984222412109,-395.1661376953125,-396.69724733163,-397.90185546875,0.4612681670311599,,,,,,,,,,,,,,
-34.07915496826172,-33.3632698059082,-31.86475944519043,-20.76636505126953,-32.52281777518136,-36.2093391418457,2.860469980468468,105,2-21,2.71,5.41,8.059,10.659,5.379285711960565,0.035,3.1192877339532608,microphone,1.751013930687e+18,1.751013933387e+18,1.751013936036e+18,1.751013938636e+18,1.7510139333562857e+18,1.751013928012e+18,3119287720.3348994,,,,,,,,,,,,,,,,,,,,,,,,,,,,,,,,,,,
,,,,,,,10,2-21,1.784451843261719,4.035752075195313,5.837423095703125,8.08871240234375,3.8558990722656254,-0.466838623046875,2.833980718084625,barometer,1.7510139297614518e+18,1.751013932012752e+18,1.751013933814423e+18,1.7510139360657124e+18,1.751013931832899e+18,1.7510139275101614e+18,2833980723.1129155,,,,,,,,,,,,,,,,,,,,,,1019.7854232788088,1019.7874450683594,1019.7899055480956,1019.7926330566406,1019.7880020141602,1019.785385131836,0.0027314818872649,0.0224580764770507,0.042276382446289,0.0581283569335937,0.0581283569335937,0.037519073486328,0.0,0.0219234875395557
,,,,,,,1077,2-21,2.787100341796875,5.461929443359375,8.13676025390625,10.811591064453124,5.461929797669307,0.11227587890625,3.092931783683597,accelerometeruncalibrated,1.7510139307641004e+18,1.7510139334389294e+18,1.7510139361137605e+18,1.751013938788591e+18,1.75101393343893e+18,1.751013928089276e+18,3092931783.46544,-0.0171661376953125,-0.0069580078125,0.004486083984375,0.08306884765625,-0.0055680978929099,-0.0423583984375,0.0161291553756736,-0.090545654296875,-0.0809326171875,-0.071746826171875,-0.02752685546875,-0.0811542309094272,-0.1359710693359375,0.0138260924285977,-1.01702880859375,-1.011474609375,-1.0043182373046875,-0.9035797119140624,-1.011018035803665,-1.082733154296875,0.0129408812620115,,,,,,,,,,,,,,
,,,,,,,1077,2-21,2.792072265625,5.466901123046875,8.141732177734376,10.816563232421874,5.466901594780061,0.117248046875,3.09293179408715,gyroscopeuncalibrated,1.7510139307690724e+18,1.7510139334439012e+18,1.7510139361187323e+18,1.7510139387935631e+18,1.7510139334439014e+18,1.751013928094248e+18,3092931792.1760526,-0.0395711101591587,-0.0075426045805215,0.0291368458420038,0.3440572321414947,-0.0077199829363138,-0.304092526435852,0.0702007734769205,-0.0168767180293798,0.0070363376289606,0.0357870273292064,0.5601271986961365,0.0098701640813643,-0.4932800233364105,0.0710204503328857,-0.0160199794918298,0.0087050748988986,0.0320309028029441,0.2383182942867279,0.0036743846482725,-0.3066462278366089,0.0545720908915523,,,,,,,,,,,,,,
,,,,,,,1076,2-22,2.827167724609375,5.526078979492188,8.224916320800782,10.92360986328125,5.526043027969984,0.128359375,3.120715293480356,magnetometeruncalibrated,1.7510139502591675e+18,1.751013952958079e+18,1.7510139556569165e+18,1.75101395835561e+18,1.7510139529580431e+18,1.7510139475603594e+18,3120715295.042776,-53.07596969604492,-52.68162536621094,-51.96942138671875,-50.84634399414063,-52.57878787810032,-54.36195373535156,0.7232824705636874,-159.67022323608398,-159.35919952392578,-159.12028884887695,-158.2991943359375,-159.41825800048375,-160.99618530273438,0.4597579341421401,-395.9316329956055,-395.6530151367188,-395.34449768066406,-394.2449340820313,-395.625725955325,-396.82171630859375,0.4386330813842267,,,,,,,,,,,,,,
-38.152475357055664,-36.8466796875,-35.461721420288086,-25.730493545532227,-36.34619876825921,-40.401668548583984,2.720622813137,107,2-22,2.73,5.413,8.062999999999999,10.731,5.3930934533805495,0.031,3.1266050909055894,microphone,1.751013950162e+18,1.751013952845e+18,1.751013955495e+18,1.751013958163e+18,1.7510139528250934e+18,1.751013947463e+18,3126605064.757124,,,,,,,,,,,,,,,,,,,,,,,,,,,,,,,,,,,
,,,,,,,10,2-22,1.780521484375,4.032001953125,5.833487548828125,8.08506982421875,3.852031958007813,-0.470779052734375,2.834023767097384,barometer,1.7510139492125215e+18,1.751013951464002e+18,1.7510139532654876e+18,1.7510139555170698e+18,1.751013951284032e+18,1.7510139469612209e+18,2834023773.1075897,,,,,,,,,,,,,,,,,,,,,,1019.8000907897948,1019.8097229003906,1019.8255920410156,1019.8305511474608,1019.8120193481444,1019.794921875,0.0142373782853583,0.0409545898437499,0.1717491149902343,0.2510194778442383,0.2906532287597656,0.1516681671142578,0.0,0.1168489196715219
,,,,,,,1087,2-22,2.8214796142578127,5.521176513671875,8.220879150390626,10.9205888671875,5.521180834534197,0.121783203125,3.121650665236155,accelerometeruncalibrated,1.7510139502534797e+18,1.7510139529531766e+18,1.7510139556528794e+18,1.7510139583525888e+18,1.751013952953181e+18,1.7510139475537833e+18,3121650664.829232,-0.028045654296875,-0.019195556640625,-0.005157470703125,0.063751220703125,-0.0170356027555772,-0.0837860107421875,0.0178322671392477,-0.0967483520507812,-0.087799072265625,-0.079315185546875,-0.029388427734375,-0.08844579505394,-0.13092041015625,0.01414096796533,-1.0173797607421875,-1.010772705078125,-1.00341796875,-0.89630126953125,-1.0103582050565634,-1.1175079345703125,0.0124566102393101,,,,,,,,,,,,,,
,,,,,,,1087,2-22,2.8214796142578127,5.521176513671875,8.220879150390626,10.9205888671875,5.521180834534197,0.121783203125,3.121650665236155,gyroscopeuncalibrated,1.7510139502534797e+18,1.7510139529531766e+18,1.7510139556528794e+18,1.7510139583525888e+18,1.751013952953181e+18,1.7510139475537833e+18,3121650664.829232,-0.0386437978595495,-0.0058086207136511,0.0304328743368387,0.2703627943992615,-0.0047835145114288,-0.2799541652202606,0.0631819956847487,-0.0178189445286988,0.0077740335837006,0.0303089031949638,0.3683993220329284,0.0068848360610703,-0.2869590818881988,0.0509729212817866,-0.0205517476424574,0.005004612263292,0.0304324747994541,0.2509025335311889,0.0067441354729013,-0.1851821094751358,0.0510843462034499,,,,,,,,,,,,,,
,,,,,,,1080,2-23,2.8272327270507813,5.536104370117188,8.244896423339844,10.953764404296876,5.536086546043114,0.118457763671875,3.132236866415436,magnetometeruncalibrated,1.751013968525233e+18,1.7510139712341043e+18,1.7510139739428966e+18,1.7510139766517645e+18,1.751013971234087e+18,1.7510139658164577e+18,3132236864.618954,-53.696102142333984,-53.41465759277344,-53.02431106567383,-51.66908264160156,-53.31634079262062,-54.5389404296875,0.5276168513837798,-159.74357223510742,-159.38384246826172,-158.85255432128906,-157.5281982421875,-159.29758563571505,-160.69419860839844,0.6260142686047508,-397.512939453125,-397.23150634765625,-396.948127746582,-395.9645690917969,-397.2308499654134,-398.39447021484375,0.4299189825801174,,,,,,,,,,,,,,
-34.612491607666016,-33.857078552246094,-33.01415824890137,-31.239200592041016,-33.78432592944564,-36.52463912963867,1.199905813482988,107,2-23,2.766,5.415999755859375,8.110500122070313,10.799,5.425037380895882,0.029,3.1483785805670177,microphone,1.751013968464e+18,1.751013971114e+18,1.7510139738085002e+18,1.751013976497e+18,1.7510139711230372e+18,1.751013965727e+18,3148378568.2816405,,,,,,,,,,,,,,,,,,,,,,,,,,,,,,,,,,,
,,,,,,,10,2-23,1.804922790527344,4.056220581054688,5.857894348144532,8.10919091796875,3.8763727050781256,-0.44636572265625,2.833980524716039,barometer,1.7510139675029228e+18,1.7510139697542203e+18,1.7510139715558943e+18,1.751013973807191e+18,1.7510139695743729e+18,1.7510139652516342e+18,2833980539.928213,,,,,,,,,,,,,,,,,,,,,,1019.785861968994,1019.7924423217772,1019.7937202453614,1019.7943115234376,1019.7887802124023,1019.7734832763672,0.0072608297471879,-0.0092496871948241,0.0026416778564453,0.0568084716796874,0.158538818359375,0.0322353363037109,-0.0158538818359375,0.0603290290656565
,,,,,,,1090,2-23,2.8243978881835936,5.5315810546875,8.238768859863281,10.94595654296875,5.531584840435063,0.1172216796875,3.130292830164204,accelerometeruncalibrated,1.751013968522398e+18,1.751013971229581e+18,1.7510139739367688e+18,1.7510139766439565e+18,1.751013971229585e+18,1.7510139658152218e+18,3130292829.624484,-0.0340042114257812,-0.023162841796875,-0.0124664306640625,0.0449371337890625,-0.022074092200043,-0.067535400390625,0.0183810987582912,-0.1115531921386718,-0.1011734008789062,-0.0857963562011718,-0.044708251953125,-0.0986628541158973,-0.1457977294921875,0.0178327725050799,-1.0164299011230469,-1.00927734375,-1.0021820068359375,-0.9290008544921876,-1.0092981460991255,-1.0851898193359375,0.0132631796686289,,,,,,,,,,,,,,
,,,,,,,1090,2-23,2.8243978881835936,5.5315810546875,8.238768859863281,10.94595654296875,5.531584840435063,0.1172216796875,3.130292830164204,gyroscopeuncalibrated,1.751013968522398e+18,1.751013971229581e+18,1.7510139739367688e+18,1.7510139766439565e+18,1.751013971229585e+18,1.7510139658152218e+18,3130292829.624484,-0.0467047877609729,-0.007752461824566,0.0271828179247676,0.2867015302181244,-0.0110023086397982,-0.4027309417724609,0.0782498142272031,-0.020535701420158,0.0118100540712475,0.0404131347313523,0.2752752602100372,0.010068075783397,-0.2802968919277191,0.0569912073186573,-0.0283407606184481,0.0029041771776973,0.0348440669476985,0.1435563713312149,0.002051744785108,-0.1631622910499572,0.0525255259389757,,,,,,,,,,,,,,
,,,,,,,1023,2-24,2.6894530029296875,5.25534130859375,7.821060058593749,10.386742919921875,5.255276770508766,0.123742431640625,2.967052674537837,magnetometeruncalibrated,1.751013987090453e+18,1.7510139896563412e+18,1.75101399222206e+18,1.751013994787743e+18,1.7510139896562767e+18,1.7510139845247424e+18,2967052674.7883034,-53.88735961914063,-53.43367004394531,-52.99553680419922,-50.84150695800781,-53.3710515683231,-54.77235412597656,0.6833656597600782,-158.85445404052734,-158.39573669433594,-158.005615234375,-156.1563720703125,-158.42707405575092,-160.02149963378906,0.6409474292468179,-395.5310058593751,-395.159912109375,-394.7531433105469,-393.7697143554688,-395.1322927465653,-396.4369812011719,0.5014985808550608,,,,,,,,,,,,,,
-38.36329650878906,-37.30538558959961,-36.03327560424805,-31.87623786926269,-37.16875608840791,-40.67484664916992,1.7668366751414766,101,2-24,2.582,5.132,7.664999755859375,10.215,5.131287123878404,0.032999755859375,2.9808002103988143,microphone,1.751013986983e+18,1.751013989533e+18,1.751013992066e+18,1.751013994616e+18,1.7510139895322872e+18,1.751013984434e+18,2980800202.5482163,,,,,,,,,,,,,,,,,,,,,,,,,,,,,,,,,,,
,,,,,,,1034,2-24,2.6812852783203125,5.249249145507813,7.817216064453125,10.38518017578125,5.249249272064268,0.1133115234375,2.969539275738868,accelerometeruncalibrated,1.7510139870822853e+18,1.7510139896502492e+18,1.7510139922182162e+18,1.75101399478618e+18,1.7510139896502497e+18,1.7510139845143114e+18,2969539276.3890624,-0.0741844177246093,-0.0618743896484375,-0.0497779846191406,-0.0071258544921875,-0.0625445515320886,-0.1280975341796875,0.0192766769061615,-0.1035423278808593,-0.0912399291992187,-0.0792922973632812,-0.019500732421875,-0.0913631358045212,-0.1477508544921875,0.0178913801290244,-1.0161285400390625,-1.0079803466796875,-1.0002555847167969,-0.916351318359375,-1.0083007517359013,-1.0802764892578125,0.0146154429692527,,,,,,,,,,,,,,
,,,,,,,1034,2-24,2.686257019042969,5.254221313476562,7.822188232421875,10.390152099609375,5.254221137336422,0.118283203125,2.969539280018006,gyroscopeuncalibrated,1.751013987087257e+18,1.7510139896552212e+18,1.7510139922231882e+18,1.751013994791152e+18,1.751013989655221e+18,1.7510139845192832e+18,2969539277.718893,-0.042649060487747,-0.0022341258591039,0.0294489688239991,0.3050256967544555,-0.0071075969181231,-0.4967501163482666,0.0816270003788608,-0.0164050064049661,0.0075070515740662,0.0317565305158495,0.2329328507184982,0.0112641692109896,-0.1500688642263412,0.0500545248497583,-0.0250242599286138,0.0006978813617024,0.0290845152921974,0.2195834964513778,4.0747380910200986e-05,-0.3079721927642822,0.0558569507354126,,,,,,,,,,,,,,
,,,,,,,1104,2-25,2.890581848144531,5.659497192382813,8.428207946777345,11.19698046875,5.659373560366423,0.121431884765625,3.201555127212244,magnetometeruncalibrated,1.751014005138582e+18,1.7510140079074972e+18,1.751014010676208e+18,1.7510140134449805e+18,1.7510140079073736e+18,1.7510140023694318e+18,3201555128.264265,-52.84441757202149,-52.502838134765625,-51.91274642944336,-49.871337890625,-52.26942449376203,-53.85076904296875,0.7962459944460801,-159.21663665771484,-158.79303741455078,-158.42440795898438,-156.62509155273438,-158.78785343446594,-160.21755981445312,0.6323327629771053,-395.2174987792969,-394.9016418457031,-394.6448059082031,-393.7446594238281,-394.9619679105455,-396.6395568847656,0.4534968593988695,,,,,,,,,,,,,,
-40.2900619506836,-39.50358963012695,-38.00504302978516,-32.9866943359375,-39.13419566023241,-43.2852897644043,2.003902294768314,109,2-25,2.779,5.529,8.279,11.046000244140624,5.532385325580562,0.031,3.2216733746534705,microphone,1.751014005027e+18,1.751014007777e+18,1.751014010527e+18,1.751014013294e+18,1.7510140077803853e+18,1.751014002279e+18,3221673344.066794,,,,,,,,,,,,,,,,,,,,,,,,,,,,,,,,,,,
,,,,,,,10,2-25,1.7957158203125,4.047011962890625,5.849015258789063,8.1000302734375,3.867219189453125,-0.45558447265625,2.8340369855573093,barometer,1.7510140040437158e+18,1.751014006295012e+18,1.7510140080970153e+18,1.7510140103480302e+18,1.7510140061152192e+18,1.7510140017924155e+18,2834036993.1776323,,,,,,,,,,,,,,,,,,,,,,1019.7990417480468,1019.8007583618164,1019.805030822754,1019.812240600586,1019.8025588989258,1019.7972869873048,0.0049684810876302,0.0607757568359374,0.097766876220703,0.1096563339233398,0.1268310546875,0.0819129943847655,0.0,0.0420009287202805
,,,,,,,1115,2-25,2.88944384765625,5.658750732421875,8.428052612304686,11.197356201171877,5.658747043380396,0.1201337890625,3.2020245110047503,accelerometeruncalibrated,1.7510140051374438e+18,1.7510140079067507e+18,1.7510140106760527e+18,1.7510140134453563e+18,1.751014007906747e+18,1.751014002368134e+18,3202024512.414936,-0.0606231689453125,-0.0408782958984375,-0.0142440795898437,0.03289794921875,-0.0369765893226247,-0.0943450927734375,0.0287363280012363,-0.1439743041992187,-0.1332855224609375,-0.1205368041992187,-0.0570220947265625,-0.1298148527273682,-0.18157958984375,0.021115844847998,-1.0142898559570312,-1.004669189453125,-0.9949951171875,-0.960357666015625,-1.0047777389731642,-1.069854736328125,0.0147150306239704,,,,,,,,,,,,,,
,,,,,,,1115,2-25,2.88944384765625,5.658750732421875,8.428052612304686,11.197356201171877,5.658747043380396,0.1201337890625,3.2020245110047503,gyroscopeuncalibrated,1.7510140051374438e+18,1.7510140079067507e+18,1.7510140106760527e+18,1.7510140134453563e+18,1.751014007906747e+18,1.751014002368134e+18,3202024512.414936,-0.0407446324825286,-0.004881574306637,0.0346482582390307,0.2616460025310516,-0.0013869692065831,-0.2297596931457519,0.0684396359710917,-0.0285219224169849,0.0075362133793532,0.0423489212989807,0.3192909061908722,0.0071013570245174,-0.2659211456775665,0.0637305340640907,-0.0225798776373266,0.0035646411124616,0.0328423678874969,0.144394189119339,0.0040454230838837,-0.1884844303131103,0.0459613470059976,,,,,,,,,,,,,,
